Index_Num,starttime,resolution,speed,volume,occupancy,速度,车流量,占有率,日期,时间,ID,年,月,日,速度均值,车流量均值,占有率均值
2,3/1/2011 0:00:00,0:05:00, , , ,54.5866246507742,70.8298582151793,9.79179649708092,3/1/2011,0:00:00,1,2011,3,1,60.0054130825197,29.1386639403804,3.52316016034868
3,3/1/2011 0:05:00,0:05:00, , , ,54.5869388220527,70.8298582151793,9.79179649708092,3/1/2011,0:05:00,2,2011,3,1,60.3769150068961,26.4822907978871,3.34787228245761
5,3/1/2011 0:10:00,0:05:00, , , ,54.5872529933311,70.8298582151793,9.79179649708092,3/1/2011,0:10:00,3,2011,3,1,58.7297095568798,25.4822907978871,3.19587228245761
8,3/1/2011 0:15:00,0:05:00, , , ,54.5875671646096,70.8298582151793,9.79179649708092,3/1/2011,0:15:00,4,2011,3,1,58.2782273644705,25.5822907978871,3.18687228245761
9,3/1/2011 0:20:00,0:05:00, , , ,54.587881335888,70.8298582151793,9.79179649708092,3/1/2011,0:20:00,5,2011,3,1,61.0530308434428,26.1489574645538,3.12687228245761
12,3/1/2011 0:25:00,0:05:00, , , ,54.5881955071664,70.8298582151793,9.79179649708092,3/1/2011,0:25:00,6,2011,3,1,60.5377500737186,25.2156241312205,3.10653894912428
13,3/1/2011 0:30:00,0:05:00, , , ,54.5885096784449,70.8298582151793,9.79179649708092,3/1/2011,0:30:00,7,2011,3,1,59.9435109917688,25.3489574645538,3.20753894912428
16,3/1/2011 0:35:00,0:05:00, , , ,54.5888238497233,70.8298582151793,9.79179649708092,3/1/2011,0:35:00,8,2011,3,1,60.0565820824162,24.7822907978871,3.17653894912428
18,3/1/2011 0:40:00,0:05:00, , , ,54.5891380210018,70.8298582151793,9.79179649708092,3/1/2011,0:40:00,9,2011,3,1,57.9133661612026,24.9822907978871,3.15720561579094
19,3/1/2011 0:45:00,0:05:00, , , ,54.5894521922802,70.8298582151793,9.79179649708092,3/1/2011,0:45:00,10,2011,3,1,59.442739504602,24.3489574645538,3.10820561579094
22,3/1/2011 0:50:00,0:05:00, , , ,54.5897663635587,70.8298582151793,9.79179649708092,3/1/2011,0:50:00,11,2011,3,1,61.134992519333,24.4156241312205,3.06520561579094
24,3/1/2011 0:55:00,0:05:00, , , ,54.5900805348371,70.8298582151793,9.79179649708092,3/1/2011,0:55:00,12,2011,3,1,59.003993057609,23.9156241312205,3.06753894912428
26,3/1/2011 1:00:00,0:05:00, , , ,54.5903947061156,70.8298582151793,9.79179649708092,3/1/2011,1:00:00,13,2011,3,1,59.2308846777917,24.6156241312205,3.08053894912428
28,3/1/2011 1:05:00,0:05:00, , , ,54.590708877394,70.8298582151793,9.79179649708092,3/1/2011,1:05:00,14,2011,3,1,58.6333342152253,23.2156241312205,3.08620561579094
30,3/1/2011 1:10:00,0:05:00, , , ,54.5910230486724,70.8298582151793,9.79179649708092,3/1/2011,1:10:00,15,2011,3,1,59.2896974211205,23.6156241312205,3.07353894912428
32,3/1/2011 1:15:00,0:05:00, , , ,54.5913372199509,70.8298582151793,9.79179649708092,3/1/2011,1:15:00,16,2011,3,1,59.7821871012662,23.7489574645538,3.09353894912428
34,3/1/2011 1:20:00,0:05:00, , , ,54.5916513912293,70.8298582151793,9.79179649708092,3/1/2011,1:20:00,17,2011,3,1,59.8366764465402,22.7489574645538,2.99220561579094
36,3/1/2011 1:25:00,0:05:00, , , ,54.5919655625078,70.8298582151793,9.79179649708092,3/1/2011,1:25:00,18,2011,3,1,56.812501413935,23.2156241312205,3.02820561579094
38,3/1/2011 1:30:00,0:05:00, , , ,54.5922797337862,70.8298582151793,9.79179649708092,3/1/2011,1:30:00,19,2011,3,1,59.9734945971206,23.3489574645538,3.04887228245761
40,3/1/2011 1:35:00,0:05:00, , , ,54.5925939050647,70.8298582151793,9.79179649708092,3/1/2011,1:35:00,20,2011,3,1,59.0752198314022,23.7822907978871,3.05120561579094
41,3/1/2011 1:40:00,0:05:00, , , ,54.5929080763431,70.8298582151793,9.79179649708092,3/1/2011,1:40:00,21,2011,3,1,58.9435125600863,23.4489574645538,3.05587228245761
44,3/1/2011 1:45:00,0:05:00, , , ,54.5932222476215,70.8298582151793,9.79179649708092,3/1/2011,1:45:00,22,2011,3,1,59.8416057647463,23.4822907978871,3.09387228245761
45,3/1/2011 1:50:00,0:05:00, , , ,54.5935364189,70.8298582151793,9.79179649708092,3/1/2011,1:50:00,23,2011,3,1,60.3087636267925,22.8156241312205,2.99153894912428
48,3/1/2011 1:55:00,0:05:00, , , ,54.5938505901784,70.8298582151793,9.79179649708092,3/1/2011,1:55:00,24,2011,3,1,58.6398589501406,23.6368525495384,3.18159201633546
50,3/1/2011 2:00:00,0:05:00, , , ,54.5941647614569,70.8298582151793,9.79179649708092,3/1/2011,2:00:00,25,2011,3,1,60.1091578767334,23.7403008254005,3.12952305081822
52,3/1/2011 2:05:00,0:05:00, , , ,54.5944789327353,70.8298582151793,9.79179649708092,3/1/2011,2:05:00,26,2011,3,1,58.7159111599742,23.6713353081591,3.14331615426649
53,3/1/2011 2:10:00,0:05:00, , , ,54.5947931040138,70.8298582151793,9.79179649708092,3/1/2011,2:10:00,27,2011,3,1,57.1956011962148,23.1540939288488,3.1236609818527
56,3/1/2011 2:15:00,0:05:00, , , ,54.5951072752922,70.8298582151793,9.79179649708092,3/1/2011,2:15:00,28,2011,3,1,60.9880809311854,23.2575422047108,3.11676443012856
58,3/1/2011 2:20:00,0:05:00, , , ,54.5954214465707,70.8298582151793,9.79179649708092,3/1/2011,2:20:00,29,2011,3,1,60.6639116703779,24.3954732391936,3.1936609818527
60,3/1/2011 2:25:00,0:05:00, , , ,54.5957356178491,70.8298582151793,9.79179649708092,3/1/2011,2:25:00,30,2011,3,1,56.1705690998611,24.2575422047108,3.18572994736994
62,3/1/2011 2:30:00,0:05:00, , , ,54.5960497891275,70.8298582151793,9.79179649708092,3/1/2011,2:30:00,31,2011,3,1,60.0759184909756,24.2230594460901,3.13055753357684
63,3/1/2011 2:35:00,0:05:00, , , ,54.596363960406,70.8298582151793,9.79179649708092,3/1/2011,2:35:00,32,2011,3,1,58.8841668299708,23.6023697909177,3.21607477495615
66,3/1/2011 2:40:00,0:05:00, , , ,54.5966781316844,70.8298582151793,9.79179649708092,3/1/2011,2:40:00,33,2011,3,1,58.7587845445518,24.3954732391936,3.18504029219753
68,3/1/2011 2:45:00,0:05:00, , , ,54.5969923029629,70.8298582151793,9.79179649708092,3/1/2011,2:45:00,34,2011,3,1,58.1779836131635,24.1196111702281,3.1188333956458
70,3/1/2011 2:50:00,0:05:00, , , ,54.5973064742413,70.8298582151793,9.79179649708092,3/1/2011,2:50:00,35,2011,3,1,59.0159813241793,23.6713353081591,3.14538511978374
72,3/1/2011 2:55:00,0:05:00, , , ,54.5976206455198,70.8298582151793,9.79179649708092,3/1/2011,2:55:00,36,2011,3,1,60.7607239699886,23.8782318598832,3.16676443012856
74,3/1/2011 3:00:00,0:05:00, , , ,54.5979348167982,70.8298582151793,9.79179649708092,3/1/2011,3:00:00,37,2011,3,1,59.0148266611395,24.3609904805729,3.21400580943891
76,3/1/2011 3:05:00,0:05:00, , , ,54.5982489880766,70.8298582151793,9.79179649708092,3/1/2011,3:05:00,38,2011,3,1,59.3672498220612,23.9816801357453,3.18435063702511
78,3/1/2011 3:10:00,0:05:00, , , ,54.5985631593551,70.8298582151793,9.79179649708092,3/1/2011,3:10:00,39,2011,3,1,59.4068574411194,23.8092663426419,3.19710925771477
80,3/1/2011 3:15:00,0:05:00, , , ,54.5988773306335,70.8298582151793,9.79179649708092,3/1/2011,3:15:00,40,2011,3,1,58.8092583170186,23.8782318598832,3.17228167150787
82,3/1/2011 3:20:00,0:05:00, , , ,54.599191501912,70.8298582151793,9.79179649708092,3/1/2011,3:20:00,41,2011,3,1,59.0788522997314,24.2575422047108,3.17676443012856
84,3/1/2011 3:25:00,0:05:00, , , ,54.5995056731904,70.8298582151793,9.79179649708092,3/1/2011,3:25:00,42,2011,3,1,61.3766260710992,24.6023697909177,3.19745408530098
86,3/1/2011 3:30:00,0:05:00, , , ,54.5998198444689,70.8298582151793,9.79179649708092,3/1/2011,3:30:00,43,2011,3,1,61.7908651838845,26.5334042736763,3.29641960254236
88,3/1/2011 3:35:00,0:05:00, , , ,54.6001340157473,70.8298582151793,9.79179649708092,3/1/2011,3:35:00,44,2011,3,1,60.3175231592341,27.6368525495384,3.33745408530098
90,3/1/2011 3:40:00,0:05:00, , , ,54.6004481870258,70.8298582151793,9.79179649708092,3/1/2011,3:40:00,45,2011,3,1,61.5500459429558,28.2575422047108,3.40159201633546
92,3/1/2011 3:45:00,0:05:00, , , ,54.6007623583042,70.8298582151793,9.79179649708092,3/1/2011,3:45:00,46,2011,3,1,58.3015661275773,27.4989215150557,3.35641960254236
94,3/1/2011 3:50:00,0:05:00, , , ,54.6010765295826,70.8298582151793,9.79179649708092,3/1/2011,3:50:00,47,2011,3,1,62.1427250556792,25.8092663426419,3.22021270599063
96,3/1/2011 3:55:00,0:05:00, , , ,54.6013907008611,70.8298582151793,9.79179649708092,3/1/2011,3:55:00,48,2011,3,1,60.7765453438012,26.016162894366,3.27262649909408
98,3/1/2011 4:00:00,0:05:00, , , ,54.6017048721395,70.8298582151793,9.79179649708092,3/1/2011,4:00:00,49,2011,3,1,59.9594395131661,25.5156241312205,3.17453894912428
100,3/1/2011 4:05:00,0:05:00, , , ,54.602019043418,70.8298582151793,9.79179649708092,3/1/2011,4:05:00,50,2011,3,1,60.0757274435067,25.3489574645538,3.15920561579094
102,3/1/2011 4:10:00,0:05:00, , , ,54.6023332146964,70.8298582151793,9.79179649708092,3/1/2011,4:10:00,51,2011,3,1,60.2321157868127,26.7156241312205,3.27953894912428
104,3/1/2011 4:15:00,0:05:00, , , ,54.6026473859749,70.8298582151793,9.79179649708092,3/1/2011,4:15:00,52,2011,3,1,60.5707041712086,31.1822907978871,3.58887228245761
106,3/1/2011 4:20:00,0:05:00, , , ,54.6029615572533,70.8298582151793,9.79179649708092,3/1/2011,4:20:00,53,2011,3,1,59.4626795124169,31.7156241312205,3.59953894912428
108,3/1/2011 4:25:00,0:05:00, , , ,54.6032757285318,70.8298582151793,9.79179649708092,3/1/2011,4:25:00,54,2011,3,1,60.8951127066111,32.4489574645538,3.74953894912428
110,3/1/2011 4:30:00,0:05:00, , , ,54.6035898998102,70.8298582151793,9.79179649708092,3/1/2011,4:30:00,55,2011,3,1,61.3837345223897,39.2822907978871,4.23820561579094
112,3/1/2011 4:35:00,0:05:00, , , ,54.6039040710886,70.8298582151793,9.79179649708092,3/1/2011,4:35:00,56,2011,3,1,61.6714593233841,39.6822907978871,4.29687228245761
114,3/1/2011 4:40:00,0:05:00, , , ,54.6042182423671,70.8298582151793,9.79179649708092,3/1/2011,4:40:00,57,2011,3,1,62.317842094793,43.0822907978871,4.48587228245761
116,3/1/2011 4:45:00,0:05:00, , , ,54.6045324136455,70.8298582151793,9.79179649708092,3/1/2011,4:45:00,58,2011,3,1,62.7042696795099,42.7822907978871,4.49320561579094
118,3/1/2011 4:50:00,0:05:00, , , ,54.604846584924,70.8298582151793,9.79179649708092,3/1/2011,4:50:00,59,2011,3,1,62.1048200840943,38.4822907978871,4.06353894912428
120,3/1/2011 4:55:00,0:05:00, , , ,54.6051607562024,70.8298582151793,9.79179649708092,3/1/2011,4:55:00,60,2011,3,1,61.9561248489436,38.7822907978871,4.24753894912428
122,3/1/2011 5:00:00,0:05:00, , , ,54.6054749274809,70.8298582151793,9.79179649708092,3/1/2011,5:00:00,61,2011,3,1,61.1384600401342,42.7822907978871,4.39020561579094
124,3/1/2011 5:05:00,0:05:00, , , ,54.6057890987593,70.8298582151793,9.79179649708092,3/1/2011,5:05:00,62,2011,3,1,62.5049800183773,45.6489574645538,4.84953894912428
126,3/1/2011 5:10:00,0:05:00, , , ,54.6061032700378,70.8298582151793,9.79179649708092,3/1/2011,5:10:00,63,2011,3,1,61.5387409364275,49.9489574645538,5.43753894912428
128,3/1/2011 5:15:00,0:05:00, , , ,54.6064174413162,70.8298582151793,9.79179649708092,3/1/2011,5:15:00,64,2011,3,1,61.4141685211444,54.9156241312204,6.11653894912428
130,3/1/2011 5:20:00,0:05:00, , , ,54.6067316125946,70.8298582151793,9.79179649708092,3/1/2011,5:20:00,65,2011,3,1,61.1815961058612,63.0489574645538,6.46220561579094
132,3/1/2011 5:25:00,0:05:00, , , ,54.6070457838731,70.8298582151793,9.79179649708092,3/1/2011,5:25:00,66,2011,3,1,60.5396903572448,72.5156241312204,7.37620561579094
134,3/1/2011 5:30:00,0:05:00, , , ,54.6073599551515,70.8298582151793,9.79179649708092,3/1/2011,5:30:00,67,2011,3,1,60.653451275295,84.9489574645538,8.51853894912428
136,3/1/2011 5:35:00,0:05:00, , , ,54.60767412643,70.8298582151793,9.79179649708092,3/1/2011,5:35:00,68,2011,3,1,59.9625455266785,92.5489574645538,9.35987228245761
138,3/1/2011 5:40:00,0:05:00, , , ,54.6079882977084,70.8298582151793,9.79179649708092,3/1/2011,5:40:00,69,2011,3,1,59.758639778062,85.6489574645538,9.44553894912428
140,3/1/2011 5:45:00,0:05:00, , , ,54.6083024689869,70.8298582151793,9.79179649708092,3/1/2011,5:45:00,70,2011,3,1,60.0540673627789,93.9489574645538,9.59587228245761
142,3/1/2011 5:50:00,0:05:00, , , ,54.6086166402653,70.8298582151793,9.79179649708092,3/1/2011,5:50:00,71,2011,3,1,60.2578282808291,91.0822907978871,9.20187228245761
144,3/1/2011 5:55:00,0:05:00, , , ,54.6089308115438,70.8298582151793,9.79179649708092,3/1/2011,5:55:00,72,2011,3,1,60.040255865546,87.4489574645538,9.44087228245761
146,3/1/2011 6:00:00,0:05:00, , , ,54.6092449828222,70.8298582151793,9.79179649708092,3/1/2011,6:00:00,73,2011,3,1,60.0880167835962,93.2156241312205,9.40453894912428
148,3/1/2011 6:05:00,0:05:00, , , ,54.6095591541006,70.8298582151793,9.79179649708092,3/1/2011,6:05:00,74,2011,3,1,58.4710110177214,98.1156241312205,10.5968722824576
150,3/1/2011 6:10:00,0:05:00, , , ,54.6098733253791,70.8298582151793,9.79179649708092,3/1/2011,6:10:00,75,2011,3,1,56.2015386196966,104.682290797887,12.4298722824576
152,3/1/2011 6:15:00,0:05:00, , , ,54.6101874966575,70.8298582151793,9.79179649708092,3/1/2011,6:15:00,76,2011,3,1,51.7662995377468,102.21562413122,15.0192056157909
154,3/1/2011 6:20:00,0:05:00, , , ,54.610501667936,70.8298582151793,9.79179649708092,3/1/2011,6:20:00,77,2011,3,1,48.4267271224637,105.082290797887,16.4428722824576
156,3/1/2011 6:25:00,0:05:00, , , ,54.6108158392144,70.8298582151793,9.79179649708092,3/1/2011,6:25:00,78,2011,3,1,48.3144880405139,100.782290797887,16.0348722824576
158,3/1/2011 6:30:00,0:05:00, , , ,54.6111300104929,70.8298582151793,9.79179649708092,3/1/2011,6:30:00,79,2011,3,1,49.7372489585641,103.482290797887,15.6002056157909
160,3/1/2011 6:35:00,0:05:00, , , ,54.6114441817713,70.8298582151793,9.79179649708092,3/1/2011,6:35:00,80,2011,3,1,50.6006765432809,99.3822907978871,14.7882056157909
162,3/1/2011 6:40:00,0:05:00, , , ,54.6117583530497,70.8298582151793,9.79179649708092,3/1/2011,6:40:00,81,2011,3,1,47.0904374613311,95.4822907978871,16.6378722824576
164,3/1/2011 6:45:00,0:05:00, , , ,54.6120725243282,70.8298582151793,9.79179649708092,3/1/2011,6:45:00,82,2011,3,1,47.2405317127146,98.3822907978871,16.7145389491243
166,3/1/2011 6:50:00,0:05:00, , , ,54.6123866956066,70.8298582151793,9.79179649708092,3/1/2011,6:50:00,83,2011,3,1,47.8672926307649,98.0822907978871,15.8528722824576
168,3/1/2011 6:55:00,0:05:00, , , ,54.6127008668851,70.8298582151793,9.79179649708092,3/1/2011,6:55:00,84,2011,3,1,45.9460535488151,90.6156241312205,17.4608722824576
170,3/1/2011 7:00:00,0:05:00, , , ,54.6130150381635,70.8298582151793,9.79179649708092,3/1/2011,7:00:00,85,2011,3,1,46.1774811335319,98.0489574645538,16.9355389491243
172,3/1/2011 7:05:00,0:05:00, , , ,54.613329209442,70.8298582151793,9.79179649708092,3/1/2011,7:05:00,86,2011,3,1,46.4999087182488,94.0489574645538,18.0858722824576
174,3/1/2011 7:10:00,0:05:00, , , ,54.6136433807204,70.8298582151793,9.79179649708092,3/1/2011,7:10:00,87,2011,3,1,44.2413363029657,101.982290797887,19.2052056157909
176,3/1/2011 7:15:00,0:05:00, , , ,54.6139575519989,70.8298582151793,9.79179649708092,3/1/2011,7:15:00,88,2011,3,1,44.3097638876825,93.2822907978871,19.0538722824576
178,3/1/2011 7:20:00,0:05:00, , , ,54.6142717232773,70.8298582151793,9.79179649708092,3/1/2011,7:20:00,89,2011,3,1,43.7543360059304,103.7403008254,19.8053851197837
180,3/1/2011 7:25:00,0:05:00, , , ,54.6145858945557,70.8298582151793,9.79179649708092,3/1/2011,7:25:00,90,2011,3,1,44.2409852314996,96.6023697909177,18.6002127059906
182,3/1/2011 7:30:00,0:05:00, , , ,54.6149000658342,70.8298582151793,9.79179649708092,3/1/2011,7:30:00,91,2011,3,1,42.1900482501722,95.016162894366,20.4012471887493
184,3/1/2011 7:35:00,0:05:00, , , ,54.6152142371126,70.8298582151793,9.79179649708092,3/1/2011,7:35:00,92,2011,3,1,40.6091112688448,93.8782318598832,21.4857299473699
186,3/1/2011 7:40:00,0:05:00, , , ,54.6155284083911,70.8298582151793,9.79179649708092,3/1/2011,7:40:00,93,2011,3,1,42.1536915288967,97.6713353081591,20.2615920163355
188,3/1/2011 7:45:00,0:05:00, , , ,54.6158425796695,70.8298582151793,9.79179649708092,3/1/2011,7:45:00,94,2011,3,1,42.0427545475694,99.7403008254005,20.5260747749561
190,3/1/2011 7:50:00,0:05:00, , , ,54.616156750948,70.8298582151793,9.79179649708092,3/1/2011,7:50:00,95,2011,3,1,42.2563003248627,97.6368525495384,19.8860747749562
192,3/1/2011 7:55:00,0:05:00, , , ,54.6164709222264,70.8298582151793,9.79179649708092,3/1/2011,7:55:00,96,2011,3,1,42.7568512320841,98.1822907978871,19.5408722824576
194,3/1/2011 8:00:00,0:05:00, , , ,54.6167850935048,70.8298582151793,9.79179649708092,3/1/2011,8:00:00,97,2011,3,1,43.1336121501343,97.5822907978871,19.6692056157909
196,3/1/2011 8:05:00,0:05:00, , , ,54.6170992647833,70.8298582151793,9.79179649708092,3/1/2011,8:05:00,98,2011,3,1,41.7217064015178,93.3489574645538,20.5168722824576
198,3/1/2011 8:10:00,0:05:00, , , ,54.6174134360617,70.8298582151793,9.79179649708092,3/1/2011,8:10:00,99,2011,3,1,43.5278006529014,96.3822907978871,19.1885389491243
200,3/1/2011 8:15:00,0:05:00, , , ,54.6177276073402,70.8298582151793,9.79179649708092,3/1/2011,8:15:00,100,2011,3,1,44.2615615709516,92.1489574645538,18.7648722824576
202,3/1/2011 8:20:00,0:05:00, , , ,54.6180417786186,70.8298582151793,9.79179649708092,3/1/2011,8:20:00,101,2011,3,1,41.6036558223351,91.4156241312205,21.5362056157909
204,3/1/2011 8:25:00,0:05:00, , , ,54.6183559498971,70.8298582151793,9.79179649708092,3/1/2011,8:25:00,102,2011,3,1,43.3787500737186,98.5156241312204,19.5795389491243
206,3/1/2011 8:30:00,0:05:00, , , ,54.6186701211755,70.8298582151793,9.79179649708092,3/1/2011,8:30:00,103,2011,3,1,43.8501776584355,101.81562413122,19.4828722824576
208,3/1/2011 8:35:00,0:05:00, , , ,54.618984292454,70.8298582151793,9.79179649708092,3/1/2011,8:35:00,104,2011,3,1,43.8096052431524,98.6489574645538,19.5372056157909
210,3/1/2011 8:40:00,0:05:00, , , ,54.6192984637324,70.8298582151793,9.79179649708092,3/1/2011,8:40:00,105,2011,3,1,44.6600328278692,95.4156241312205,18.8078722824576
212,3/1/2011 8:45:00,0:05:00, , , ,54.6196126350108,70.8298582151793,9.79179649708092,3/1/2011,8:45:00,106,2011,3,1,47.8124604125861,98.5156241312204,16.6308722824576
214,3/1/2011 8:50:00,0:05:00, , , ,54.6199268062893,70.8298582151793,9.79179649708092,3/1/2011,8:50:00,107,2011,3,1,48.1065546639696,104.71562413122,17.1495389491243
216,3/1/2011 8:55:00,0:05:00, , , ,54.6202409775677,70.8298582151793,9.79179649708092,3/1/2011,8:55:00,108,2011,3,1,45.9133155820198,90.7156241312205,18.9942056157909
218,3/1/2011 9:00:00,0:05:00, , , ,54.6205551488462,70.8298582151793,9.79179649708092,3/1/2011,9:00:00,109,2011,3,1,46.8357431667367,97.3489574645538,18.1838722824576
220,3/1/2011 9:05:00,0:05:00, , , ,54.6208693201246,70.8298582151793,9.79179649708092,3/1/2011,9:05:00,110,2011,3,1,47.4155040847869,95.2156241312205,16.8582056157909
222,3/1/2011 9:10:00,0:05:00, , , ,54.6211834914031,70.8298582151793,9.79179649708092,3/1/2011,9:10:00,111,2011,3,1,47.4095983361704,96.2489574645538,16.9398722824576
224,3/1/2011 9:15:00,0:05:00, , , ,54.6214976626815,70.8298582151793,9.79179649708092,3/1/2011,9:15:00,112,2011,3,1,46.9590259208873,84.5489574645538,18.9508722824576
226,3/1/2011 9:20:00,0:05:00, , , ,54.62181183396,70.8298582151793,9.79179649708092,3/1/2011,9:20:00,113,2011,3,1,45.6971201722708,88.3822907978871,20.4228722824576
228,3/1/2011 9:25:00,0:05:00, , , ,54.6221260052384,70.8298582151793,9.79179649708092,3/1/2011,9:25:00,114,2011,3,1,48.8246511832425,94.2822907978871,15.7475389491243
230,3/1/2011 9:30:00,0:05:00, , , ,54.6224401765168,70.8298582151793,9.79179649708092,3/1/2011,9:30:00,115,2011,3,1,47.0083086750379,95.7489574645538,18.4712056157909
232,3/1/2011 9:35:00,0:05:00, , , ,54.6227543477953,70.8298582151793,9.79179649708092,3/1/2011,9:35:00,116,2011,3,1,47.1310695930881,95.2489574645538,17.2348722824576
234,3/1/2011 9:40:00,0:05:00, , , ,54.6230685190737,70.8298582151793,9.79179649708092,3/1/2011,9:40:00,117,2011,3,1,49.7208305111383,98.9489574645538,15.9462056157909
236,3/1/2011 9:45:00,0:05:00, , , ,54.6233826903522,70.8298582151793,9.79179649708092,3/1/2011,9:45:00,118,2011,3,1,50.9699247625218,94.2822907978871,15.5112056157909
238,3/1/2011 9:50:00,0:05:00, , , ,54.6236968616306,70.8298582151793,9.79179649708092,3/1/2011,9:50:00,119,2011,3,1,49.0743523472387,91.6156241312205,16.9262056157909
240,3/1/2011 9:55:00,0:05:00, , , ,54.6240110329091,70.8298582151793,9.79179649708092,3/1/2011,9:55:00,120,2011,3,1,51.7921132652889,92.5489574645538,15.1665389491243
242,3/1/2011 10:00:00,0:05:00, , , ,54.6243252041875,70.8298582151793,9.79179649708092,3/1/2011,10:00:00,121,2011,3,1,52.6345408500058,93.3489574645538,14.4385389491243
244,3/1/2011 10:05:00,0:05:00, , , ,54.6246393754659,70.8298582151793,9.79179649708092,3/1/2011,10:05:00,122,2011,3,1,51.6609684347226,90.5156241312204,15.3425389491243
246,3/1/2011 10:10:00,0:05:00, , , ,54.6249535467444,70.8298582151793,9.79179649708092,3/1/2011,10:10:00,123,2011,3,1,53.7463960194395,95.4156241312205,13.6575389491243
248,3/1/2011 10:15:00,0:05:00, , , ,54.6252677180228,70.8298582151793,9.79179649708092,3/1/2011,10:15:00,124,2011,3,1,52.044490270823,84.1156241312205,15.3358722824576
250,3/1/2011 10:20:00,0:05:00, , , ,54.6255818893013,70.8298582151793,9.79179649708092,3/1/2011,10:20:00,125,2011,3,1,51.7749178555399,97.3156241312204,15.0158722824576
252,3/1/2011 10:25:00,0:05:00, , , ,54.6258960605797,70.8298582151793,9.79179649708092,3/1/2011,10:25:00,126,2011,3,1,54.0230121069234,96.8822907978871,13.8172056157909
254,3/1/2011 10:30:00,0:05:00, , , ,54.6262102318582,70.8298582151793,9.79179649708092,3/1/2011,10:30:00,127,2011,3,1,54.986106358307,101.31562413122,12.7838722824576
256,3/1/2011 10:35:00,0:05:00, , , ,54.6265244031366,70.8298582151793,9.79179649708092,3/1/2011,10:35:00,128,2011,3,1,56.8035339430238,95.1489574645538,11.6842056157909
258,3/1/2011 10:40:00,0:05:00, , , ,54.6268385744151,70.8298582151793,9.79179649708092,3/1/2011,10:40:00,129,2011,3,1,57.920294861074,97.1156241312205,11.1368722824576
260,3/1/2011 10:45:00,0:05:00, , , ,54.6271527456935,70.8298582151793,9.79179649708092,3/1/2011,10:45:00,130,2011,3,1,56.6287224457909,91.7489574645538,12.0392056157909
262,3/1/2011 10:50:00,0:05:00, , , ,54.6274669169719,70.8298582151793,9.79179649708092,3/1/2011,10:50:00,131,2011,3,1,57.3360172729391,95.1540939288487,10.7553851197837
264,3/1/2011 10:55:00,0:05:00, , , ,54.6277810882504,70.8298582151793,9.79179649708092,3/1/2011,10:55:00,132,2011,3,1,58.050910948558,79.7156241312205,10.4135389491243
266,3/1/2011 11:00:00,0:05:00, , , ,54.6280952595288,70.8298582151793,9.79179649708092,3/1/2011,11:00:00,133,2011,3,1,57.5600051999415,93.8489574645538,10.8842056157909
268,3/1/2011 11:05:00,0:05:00, , , ,54.6284094308073,70.8298582151793,9.79179649708092,3/1/2011,11:05:00,134,2011,3,1,57.4927661179917,96.4822907978871,11.2012056157909
270,3/1/2011 11:10:00,0:05:00, , , ,54.6287236020857,70.8298582151793,9.79179649708092,3/1/2011,11:10:00,135,2011,3,1,57.0538603693752,89.0156241312204,11.4002056157909
272,3/1/2011 11:15:00,0:05:00, , , ,54.6290377733642,70.8298582151793,9.79179649708092,3/1/2011,11:15:00,136,2011,3,1,57.2326212874254,90.5489574645538,11.2368722824576
274,3/1/2011 11:20:00,0:05:00, , , ,54.6293519446426,70.8298582151793,9.79179649708092,3/1/2011,11:20:00,137,2011,3,1,58.0760488721423,96.3822907978871,10.9082056157909
276,3/1/2011 11:25:00,0:05:00, , , ,54.6296661159211,70.8298582151793,9.79179649708092,3/1/2011,11:25:00,138,2011,3,1,57.8124764568592,97.6156241312205,11.9532056157909
278,3/1/2011 11:30:00,0:05:00, , , ,54.6299802871995,70.8298582151793,9.79179649708092,3/1/2011,11:30:00,139,2011,3,1,58.7202373749094,93.8489574645538,10.4685389491243
280,3/1/2011 11:35:00,0:05:00, , , ,54.6302944584779,70.8298582151793,9.79179649708092,3/1/2011,11:35:00,140,2011,3,1,57.6506649596263,91.8489574645538,11.8995389491243
282,3/1/2011 11:40:00,0:05:00, , , ,54.6306086297564,70.8298582151793,9.79179649708092,3/1/2011,11:40:00,141,2011,3,1,56.9774258776764,92.0822907978871,11.7475389491243
284,3/1/2011 11:45:00,0:05:00, , , ,54.6309228010348,70.8298582151793,9.79179649708092,3/1/2011,11:45:00,142,2011,3,1,57.4528534623933,98.3156241312204,11.9425389491243
286,3/1/2011 11:50:00,0:05:00, , , ,54.6312369723133,70.8298582151793,9.79179649708092,3/1/2011,11:50:00,143,2011,3,1,56.7509477137768,100.382290797887,12.3112056157909
288,3/1/2011 11:55:00,0:05:00, , , ,54.6315511435917,70.8298582151793,9.79179649708092,3/1/2011,11:55:00,144,2011,3,1,56.5300419651604,89.7489574645538,11.8528722824576
290,3/1/2011 12:00:00,0:05:00, , , ,54.6318653148702,70.8298582151793,9.79179649708092,3/1/2011,12:00:00,145,2011,3,1,55.9778028832106,90.8489574645538,12.4815389491243
292,3/1/2011 12:05:00,0:05:00, , , ,54.6321794861486,70.8298582151793,9.79179649708092,3/1/2011,12:05:00,146,2011,3,1,56.5068971345941,90.7489574645538,12.1088722824576
294,3/1/2011 12:10:00,0:05:00, , , ,54.632493657427,70.8298582151793,9.79179649708092,3/1/2011,12:10:00,147,2011,3,1,56.1196580526443,90.8822907978871,12.0162056157909
296,3/1/2011 12:15:00,0:05:00, , , ,54.6328078287055,70.8298582151793,9.79179649708092,3/1/2011,12:15:00,148,2011,3,1,55.8807523040278,94.0822907978871,11.8162056157909
298,3/1/2011 12:20:00,0:05:00, , , ,54.6331219999839,70.8298582151793,9.79179649708092,3/1/2011,12:20:00,149,2011,3,1,55.8168465554114,96.7489574645538,12.7732056157909
300,3/1/2011 12:25:00,0:05:00, , , ,54.6334361712624,70.8298582151793,9.79179649708092,3/1/2011,12:25:00,150,2011,3,1,57.5896511909943,92.6156241312205,11.1192056157909
302,3/1/2011 12:30:00,0:05:00, , , ,54.6337503425408,70.8298582151793,9.79179649708092,3/1/2011,12:30:00,151,2011,3,1,55.5240350581784,95.0156241312204,11.6672056157909
304,3/1/2011 12:35:00,0:05:00, , , ,54.6340645138193,70.8298582151793,9.79179649708092,3/1/2011,12:35:00,152,2011,3,1,55.620129309562,93.3489574645538,12.5052056157909
306,3/1/2011 12:40:00,0:05:00, , , ,54.6343786850977,70.8298582151793,9.79179649708092,3/1/2011,12:40:00,153,2011,3,1,55.4442235609455,105.31562413122,13.0025389491243
308,3/1/2011 12:45:00,0:05:00, , , ,54.6346928563762,70.8298582151793,9.79179649708092,3/1/2011,12:45:00,154,2011,3,1,56.1029844789957,93.6489574645538,12.0368722824576
310,3/1/2011 12:50:00,0:05:00, , , ,54.6350070276546,70.8298582151793,9.79179649708092,3/1/2011,12:50:00,155,2011,3,1,56.0607453970459,99.1489574645538,12.3342056157909
312,3/1/2011 12:55:00,0:05:00, , , ,54.635321198933,70.8298582151793,9.79179649708092,3/1/2011,12:55:00,156,2011,3,1,57.0035063150961,98.5156241312204,12.0595389491243
314,3/1/2011 13:00:00,0:05:00, , , ,54.6356353702115,70.8298582151793,9.79179649708092,3/1/2011,13:00:00,157,2011,3,1,56.3182074825652,97.8782318598832,12.2695230508182
316,3/1/2011 13:05:00,0:05:00, , , ,54.6359495414899,70.8298582151793,9.79179649708092,3/1/2011,13:05:00,158,2011,3,1,56.2803739495136,93.9127146185039,11.9719368439217
318,3/1/2011 13:10:00,0:05:00, , , ,54.6362637127684,70.8298582151793,9.79179649708092,3/1/2011,13:10:00,159,2011,3,1,54.615643864738,96.1196111702281,13.6281437404734
320,3/1/2011 13:15:00,0:05:00, , , ,54.6365778840468,70.8298582151793,9.79179649708092,3/1/2011,13:15:00,160,2011,3,1,54.4605689523761,97.0851284116074,13.5271092577148
322,3/1/2011 13:20:00,0:05:00, , , ,54.6368920553253,70.8298582151793,9.79179649708092,3/1/2011,13:20:00,161,2011,3,1,55.6023905917384,102.498921515056,12.7488333956458
324,3/1/2011 13:25:00,0:05:00, , , ,54.6372062266037,70.8298582151793,9.79179649708092,3/1/2011,13:25:00,162,2011,3,1,54.6876605069627,102.70581806678,13.3619368439217
326,3/1/2011 13:30:00,0:05:00, , , ,54.6375203978821,70.8298582151793,9.79179649708092,3/1/2011,13:30:00,163,2011,3,1,55.0891373187388,98.1196111702281,13.0419368439217
328,3/1/2011 13:35:00,0:05:00, , , ,54.6378345691606,70.8298582151793,9.79179649708092,3/1/2011,13:35:00,164,2011,3,1,55.8709589581011,96.9471973771246,12.3715920163355
330,3/1/2011 13:40:00,0:05:00, , , ,54.638148740439,70.8298582151793,9.79179649708092,3/1/2011,13:40:00,165,2011,3,1,53.7100219767737,101.326507721952,14.0898678784044
332,3/1/2011 13:45:00,0:05:00, , , ,54.6384629117175,70.8298582151793,9.79179649708092,3/1/2011,13:45:00,166,2011,3,1,54.3347821622648,95.5822907978871,13.9765389491243
334,3/1/2011 13:50:00,0:05:00, , , ,54.6387770829959,70.8298582151793,9.79179649708092,3/1/2011,13:50:00,167,2011,3,1,54.8529756003258,104.602369790918,12.930902361163
336,3/1/2011 13:55:00,0:05:00, , , ,54.6390912542744,70.8298582151793,9.79179649708092,3/1/2011,13:55:00,168,2011,3,1,54.6523039983651,97.6822907978871,13.4732056157909
338,3/1/2011 14:00:00,0:05:00, , , ,54.6394054255528,70.8298582151793,9.79179649708092,3/1/2011,14:00:00,169,2011,3,1,53.2913982497487,102.41562413122,14.3095389491243
340,3/1/2011 14:05:00,0:05:00, , , ,54.6397195968313,70.8298582151793,9.79179649708092,3/1/2011,14:05:00,170,2011,3,1,53.4051591677989,101.282290797887,14.1725389491243
342,3/1/2011 14:10:00,0:05:00, , , ,54.6400337681097,70.8298582151793,9.79179649708092,3/1/2011,14:10:00,171,2011,3,1,54.2809200858491,102.482290797887,13.2632056157909
344,3/1/2011 14:15:00,0:05:00, , , ,54.6403479393882,70.8298582151793,9.79179649708092,3/1/2011,14:15:00,172,2011,3,1,52.570347670566,96.9822907978871,14.9645389491243
346,3/1/2011 14:20:00,0:05:00, , , ,54.6406621106666,70.8298582151793,9.79179649708092,3/1/2011,14:20:00,173,2011,3,1,53.6834419219495,101.21562413122,14.0532056157909
348,3/1/2011 14:25:00,0:05:00, , , ,54.640976281945,70.8298582151793,9.79179649708092,3/1/2011,14:25:00,174,2011,3,1,53.4468695066664,98.7156241312205,13.7778722824576
350,3/1/2011 14:30:00,0:05:00, , , ,54.6412904532235,70.8298582151793,9.79179649708092,3/1/2011,14:30:00,175,2011,3,1,52.5179637580499,105.548957464554,14.4968722824576
352,3/1/2011 14:35:00,0:05:00, , , ,54.6416046245019,70.8298582151793,9.79179649708092,3/1/2011,14:35:00,176,2011,3,1,52.7243913427668,100.148957464554,14.6345389491243
354,3/1/2011 14:40:00,0:05:00, , , ,54.6419187957804,70.8298582151793,9.79179649708092,3/1/2011,14:40:00,177,2011,3,1,54.279152260817,105.282290797887,14.1975389491243
356,3/1/2011 14:45:00,0:05:00, , , ,54.6422329670588,70.8298582151793,9.79179649708092,3/1/2011,14:45:00,178,2011,3,1,52.9932465122005,106.41562413122,15.1422056157909
358,3/1/2011 14:50:00,0:05:00, , , ,54.6425471383373,70.8298582151793,9.79179649708092,3/1/2011,14:50:00,179,2011,3,1,52.2900074302507,99.0822907978871,15.3192056157909
360,3/1/2011 14:55:00,0:05:00, , , ,54.6428613096157,70.8298582151793,9.79179649708092,3/1/2011,14:55:00,180,2011,3,1,54.1407683483009,99.0822907978871,13.5615389491243
362,3/1/2011 15:00:00,0:05:00, , , ,54.6431754808941,70.8298582151793,9.79179649708092,3/1/2011,15:00:00,181,2011,3,1,52.7428625996844,106.448957464554,14.9138722824576
364,3/1/2011 15:05:00,0:05:00, , , ,54.6434896521726,70.8298582151793,9.79179649708092,3/1/2011,15:05:00,182,2011,3,1,54.8816235177346,107.648957464554,13.6332056157909
366,3/1/2011 15:10:00,0:05:00, , , ,54.643803823451,70.8298582151793,9.79179649708092,3/1/2011,15:10:00,183,2011,3,1,54.6003844357848,102.048957464554,12.4052056157909
368,3/1/2011 15:15:00,0:05:00, , , ,54.6441179947295,70.8298582151793,9.79179649708092,3/1/2011,15:15:00,184,2011,3,1,53.012145353835,94.7489574645538,14.1522056157909
370,3/1/2011 15:20:00,0:05:00, , , ,54.6444321660079,70.8298582151793,9.79179649708092,3/1/2011,15:20:00,185,2011,3,1,50.2639062718852,101.848957464554,16.6982056157909
372,3/1/2011 15:25:00,0:05:00, , , ,54.6447463372864,70.8298582151793,9.79179649708092,3/1/2011,15:25:00,186,2011,3,1,48.2163338566021,99.8822907978871,17.9628722824576
374,3/1/2011 15:30:00,0:05:00, , , ,54.6450605085648,70.8298582151793,9.79179649708092,3/1/2011,15:30:00,187,2011,3,1,51.1050947746523,108.11562413122,15.0785389491243
376,3/1/2011 15:35:00,0:05:00, , , ,54.6453746798433,70.8298582151793,9.79179649708092,3/1/2011,15:35:00,188,2011,3,1,50.1575223593692,102.61562413122,15.6605389491243
378,3/1/2011 15:40:00,0:05:00, , , ,54.6456888511217,70.8298582151793,9.79179649708092,3/1/2011,15:40:00,189,2011,3,1,50.5986166107527,108.882290797887,15.4798722824576
380,3/1/2011 15:45:00,0:05:00, , , ,54.6460030224001,70.8298582151793,9.79179649708092,3/1/2011,15:45:00,190,2011,3,1,50.5757108621362,100.41562413122,15.0615389491243
382,3/1/2011 15:50:00,0:05:00, , , ,54.6463171936786,70.8298582151793,9.79179649708092,3/1/2011,15:50:00,191,2011,3,1,50.9514717801864,105.248957464554,14.3032056157909
384,3/1/2011 15:55:00,0:05:00, , , ,54.646631364957,70.8298582151793,9.79179649708092,3/1/2011,15:55:00,192,2011,3,1,51.7728993649033,102.348957464554,13.8772056157909
386,3/1/2011 16:00:00,0:05:00, , , ,54.6469455362355,70.8298582151793,9.79179649708092,3/1/2011,16:00:00,193,2011,3,1,51.6026602829535,102.948957464554,13.8178722824576
388,3/1/2011 16:05:00,0:05:00, , , ,54.6472597075139,70.8298582151793,9.79179649708092,3/1/2011,16:05:00,194,2011,3,1,52.0780878676704,102.01562413122,13.9825389491243
390,3/1/2011 16:10:00,0:05:00, , , ,54.6475738787924,70.8298582151793,9.79179649708092,3/1/2011,16:10:00,195,2011,3,1,49.4331821190539,105.048957464554,15.7285389491243
392,3/1/2011 16:15:00,0:05:00, , , ,54.6478880500708,70.8298582151793,9.79179649708092,3/1/2011,16:15:00,196,2011,3,1,50.1029430371041,101.882290797887,15.4445389491243
394,3/1/2011 16:20:00,0:05:00, , , ,54.6482022213492,70.8298582151793,9.79179649708092,3/1/2011,16:20:00,197,2011,3,1,50.682370621821,105.282290797887,14.1188722824576
396,3/1/2011 16:25:00,0:05:00, , , ,54.6485163926277,70.8298582151793,9.79179649708092,3/1/2011,16:25:00,198,2011,3,1,50.8337982065378,101.682290797887,14.8532056157909
398,3/1/2011 16:30:00,0:05:00, , , ,54.6488305639061,70.8298582151793,9.79179649708092,3/1/2011,16:30:00,199,2011,3,1,50.8592257912547,101.748957464554,13.7818722824576
400,3/1/2011 16:35:00,0:05:00, , , ,54.6491447351846,70.8298582151793,9.79179649708092,3/1/2011,16:35:00,200,2011,3,1,49.6543200426382,99.7489574645538,14.7918722824576
402,3/1/2011 16:40:00,0:05:00, , , ,54.649458906463,70.8298582151793,9.79179649708092,3/1/2011,16:40:00,201,2011,3,1,52.9537476273551,104.71562413122,14.2575389491243
404,3/1/2011 16:45:00,0:05:00, , , ,54.6497730777415,70.8298582151793,9.79179649708092,3/1/2011,16:45:00,202,2011,3,1,54.000175212072,111.81562413122,14.0762056157909
406,3/1/2011 16:50:00,0:05:00, , , ,54.6500872490199,70.8298582151793,9.79179649708092,3/1/2011,16:50:00,203,2011,3,1,54.7829361301222,108.31562413122,13.1782056157909
408,3/1/2011 16:55:00,0:05:00, , , ,54.6504014202984,70.8298582151793,9.79179649708092,3/1/2011,16:55:00,204,2011,3,1,55.607363714839,106.01562413122,12.5485389491243
410,3/1/2011 17:00:00,0:05:00, , , ,54.6507155915768,70.8298582151793,9.79179649708092,3/1/2011,17:00:00,205,2011,3,1,55.1694579662226,104.91562413122,12.7665389491243
412,3/1/2011 17:05:00,0:05:00, , , ,54.6510297628552,70.8298582151793,9.79179649708092,3/1/2011,17:05:00,206,2011,3,1,54.1445522176061,105.982290797887,13.8672056157909
414,3/1/2011 17:10:00,0:05:00, , , ,54.6513439341337,70.8298582151793,9.79179649708092,3/1/2011,17:10:00,207,2011,3,1,54.921979802323,105.982290797887,13.2418722824576
416,3/1/2011 17:15:00,0:05:00, , , ,54.6516581054121,70.8298582151793,9.79179649708092,3/1/2011,17:15:00,208,2011,3,1,54.7110740537065,102.182290797887,13.5635389491243
418,3/1/2011 17:20:00,0:05:00, , , ,54.6519722766906,70.8298582151793,9.79179649708092,3/1/2011,17:20:00,209,2011,3,1,54.42516830509,113.01562413122,13.7932056157909
420,3/1/2011 17:25:00,0:05:00, , , ,54.652286447969,70.8298582151793,9.79179649708092,3/1/2011,17:25:00,210,2011,3,1,55.6775958898069,106.148957464554,13.1418722824576
422,3/1/2011 17:30:00,0:05:00, , , ,54.6526006192475,70.8298582151793,9.79179649708092,3/1/2011,17:30:00,211,2011,3,1,55.6340234745238,104.448957464554,12.9328722824576
424,3/1/2011 17:35:00,0:05:00, , , ,54.6529147905259,70.8298582151793,9.79179649708092,3/1/2011,17:35:00,212,2011,3,1,55.6024510592406,100.782290797887,12.1985389491243
426,3/1/2011 17:40:00,0:05:00, , , ,54.6532289618044,70.8298582151793,9.79179649708092,3/1/2011,17:40:00,213,2011,3,1,55.6652119772908,108.682290797887,12.9128722824576
428,3/1/2011 17:45:00,0:05:00, , , ,54.6535431330828,70.8298582151793,9.79179649708092,3/1/2011,17:45:00,214,2011,3,1,56.692972895341,97.2489574645538,11.7862056157909
430,3/1/2011 17:50:00,0:05:00, , , ,54.6538573043612,70.8298582151793,9.79179649708092,3/1/2011,17:50:00,215,2011,3,1,57.4254004800579,94.2822907978871,10.9338722824576
432,3/1/2011 17:55:00,0:05:00, , , ,54.6541714756397,70.8298582151793,9.79179649708092,3/1/2011,17:55:00,216,2011,3,1,57.6218280647747,95.0489574645538,11.1602056157909
434,3/1/2011 18:00:00,0:05:00, , , ,54.6544856469181,70.8298582151793,9.79179649708092,3/1/2011,18:00:00,217,2011,3,1,57.4969223161583,97.3489574645538,10.6905389491243
436,3/1/2011 18:05:00,0:05:00, , , ,54.6547998181966,70.8298582151793,9.79179649708092,3/1/2011,18:05:00,218,2011,3,1,57.7136832342085,94.1156241312205,10.5135389491243
438,3/1/2011 18:10:00,0:05:00, , , ,54.655113989475,70.8298582151793,9.79179649708092,3/1/2011,18:10:00,219,2011,3,1,57.2761108189254,93.1489574645538,11.1388722824576
440,3/1/2011 18:15:00,0:05:00, , , ,54.6554281607535,70.8298582151793,9.79179649708092,3/1/2011,18:15:00,220,2011,3,1,57.2298717369756,94.1156241312205,10.8638722824576
442,3/1/2011 18:20:00,0:05:00, , , ,54.6557423320319,70.8298582151793,9.79179649708092,3/1/2011,18:20:00,221,2011,3,1,57.5816889534749,96.2230594460901,10.4898678784044
444,3/1/2011 18:25:00,0:05:00, , , ,54.6560565033103,70.8298582151793,9.79179649708092,3/1/2011,18:25:00,222,2011,3,1,57.7821312824924,94.567887032297,10.3312471887492
446,3/1/2011 18:30:00,0:05:00, , , ,54.6563706745888,70.8298582151793,9.79179649708092,3/1/2011,18:30:00,223,2011,3,1,57.9222287839236,89.9471973771246,9.35435063702511
448,3/1/2011 18:35:00,0:05:00, , , ,54.6566848458672,70.8298582151793,9.79179649708092,3/1/2011,18:35:00,224,2011,3,1,58.6761193888031,83.4989215150556,9.14641960254236
450,3/1/2011 18:40:00,0:05:00, , , ,54.6569990171457,70.8298582151793,9.79179649708092,3/1/2011,18:40:00,225,2011,3,1,58.8017341316137,88.4989215150556,9.20779891288718
452,3/1/2011 18:45:00,0:05:00, , , ,54.6573131884241,70.8298582151793,9.79179649708092,3/1/2011,18:45:00,226,2011,3,1,59.2339005985622,83.9127146185039,8.78090236116305
454,3/1/2011 18:50:00,0:05:00, , , ,54.6576273597026,70.8298582151793,9.79179649708092,3/1/2011,18:50:00,227,2011,3,1,59.5102049965451,81.0506456529867,8.2536609818527
456,3/1/2011 18:55:00,0:05:00, , , ,54.657941530981,70.8298582151793,9.79179649708092,3/1/2011,18:55:00,228,2011,3,1,59.9466257480438,68.3489574645538,7.46320561579094
458,3/1/2011 19:00:00,0:05:00, , , ,54.6582557022595,70.8298582151793,9.79179649708092,3/1/2011,19:00:00,229,2011,3,1,59.898386666094,67.1156241312205,7.18787228245761
460,3/1/2011 19:05:00,0:05:00, , , ,54.6585698735379,70.8298582151793,9.79179649708092,3/1/2011,19:05:00,230,2011,3,1,59.5701475841442,68.6489574645538,7.19687228245761
462,3/1/2011 19:10:00,0:05:00, , , ,54.6588840448163,70.8298582151793,9.79179649708092,3/1/2011,19:10:00,231,2011,3,1,59.6002418355278,68.2822907978871,7.40820561579094
464,3/1/2011 19:15:00,0:05:00, , , ,54.6591982160948,70.8298582151793,9.79179649708092,3/1/2011,19:15:00,232,2011,3,1,59.6136694202446,67.4489574645538,7.31387228245761
466,3/1/2011 19:20:00,0:05:00, , , ,54.6595123873732,70.8298582151793,9.79179649708092,3/1/2011,19:20:00,233,2011,3,1,59.9360970049615,69.0489574645538,7.18987228245761
468,3/1/2011 19:25:00,0:05:00, , , ,54.6598265586517,70.8298582151793,9.79179649708092,3/1/2011,19:25:00,234,2011,3,1,59.9678579230117,62.0156241312204,6.56853894912428
470,3/1/2011 19:30:00,0:05:00, , , ,54.6601407299301,70.8298582151793,9.79179649708092,3/1/2011,19:30:00,235,2011,3,1,60.0159521743952,63.8156241312205,6.53853894912428
472,3/1/2011 19:35:00,0:05:00, , , ,54.6604549012086,70.8298582151793,9.79179649708092,3/1/2011,19:35:00,236,2011,3,1,60.0617130924454,62.5156241312204,6.70320561579095
474,3/1/2011 19:40:00,0:05:00, , , ,54.660769072487,70.8298582151793,9.79179649708092,3/1/2011,19:40:00,237,2011,3,1,59.531807343829,56.4156241312204,6.09087228245761
476,3/1/2011 19:45:00,0:05:00, , , ,54.6610832437655,70.8298582151793,9.79179649708092,3/1/2011,19:45:00,238,2011,3,1,59.8299015952125,56.9489574645538,6.41920561579094
478,3/1/2011 19:50:00,0:05:00, , , ,54.6613974150439,70.8298582151793,9.79179649708092,3/1/2011,19:50:00,239,2011,3,1,59.598995846596,58.0489574645538,6.25587228245761
480,3/1/2011 19:55:00,0:05:00, , , ,54.6617115863223,70.8298582151793,9.79179649708092,3/1/2011,19:55:00,240,2011,3,1,59.8387567646462,53.1822907978871,6.08087228245761
482,3/1/2011 20:00:00,0:05:00, , , ,54.6620257576008,70.8298582151793,9.79179649708092,3/1/2011,20:00:00,241,2011,3,1,59.8208803614101,52.6713353081591,5.57228167150787
484,3/1/2011 20:05:00,0:05:00, , , ,54.6623399288792,70.8298582151793,9.79179649708092,3/1/2011,20:05:00,242,2011,3,1,59.5575295869793,56.1196111702281,6.14607477495615
486,3/1/2011 20:10:00,0:05:00, , , ,54.6626541001577,70.8298582151793,9.79179649708092,3/1/2011,20:10:00,243,2011,3,1,59.1438339849622,59.4299559978143,6.39297132668029
488,3/1/2011 20:15:00,0:05:00, , , ,54.6629682714361,70.8298582151793,9.79179649708092,3/1/2011,20:15:00,244,2011,3,1,60.202800436847,52.6489574645538,5.75187228245761
490,3/1/2011 20:20:00,0:05:00, , , ,54.6632824427146,70.8298582151793,9.79179649708092,3/1/2011,20:20:00,245,2011,3,1,59.9892280215639,54.2822907978871,5.73887228245761
492,3/1/2011 20:25:00,0:05:00, , , ,54.663596613993,70.8298582151793,9.79179649708092,3/1/2011,20:25:00,246,2011,3,1,60.2173222729474,50.6822907978871,5.54187228245761
494,3/1/2011 20:30:00,0:05:00, , , ,54.6639107852714,70.8298582151793,9.79179649708092,3/1/2011,20:30:00,247,2011,3,1,59.9157498576643,53.9822907978871,5.73520561579094
496,3/1/2011 20:35:00,0:05:00, , , ,54.6642249565499,70.8298582151793,9.79179649708092,3/1/2011,20:35:00,248,2011,3,1,59.7038441090478,49.9156241312204,5.51887228245761
498,3/1/2011 20:40:00,0:05:00, , , ,54.6645391278283,70.8298582151793,9.79179649708092,3/1/2011,20:40:00,249,2011,3,1,60.2192716937647,49.7822907978871,5.39153894912428
500,3/1/2011 20:45:00,0:05:00, , , ,54.6648532991068,70.8298582151793,9.79179649708092,3/1/2011,20:45:00,250,2011,3,1,60.2366992784816,50.5822907978871,5.40920561579094
502,3/1/2011 20:50:00,0:05:00, , , ,54.6651674703852,70.8298582151793,9.79179649708092,3/1/2011,20:50:00,251,2011,3,1,60.0767935298651,50.6156241312205,5.42320561579094
504,3/1/2011 20:55:00,0:05:00, , , ,54.6654816416637,70.8298582151793,9.79179649708092,3/1/2011,20:55:00,252,2011,3,1,60.0115544479153,48.3489574645538,5.20987228245761
506,3/1/2011 21:00:00,0:05:00, , , ,54.6657958129421,70.8298582151793,9.79179649708092,3/1/2011,21:00:00,253,2011,3,1,60.1533153659655,46.1822907978871,5.04353894912428
508,3/1/2011 21:05:00,0:05:00, , , ,54.6661099842206,70.8298582151793,9.79179649708092,3/1/2011,21:05:00,254,2011,3,1,60.439409617349,49.9822907978871,5.21187228245761
510,3/1/2011 21:10:00,0:05:00, , , ,54.666424155499,70.8298582151793,9.79179649708092,3/1/2011,21:10:00,255,2011,3,1,60.5248372020659,48.7489574645538,5.09487228245761
512,3/1/2011 21:15:00,0:05:00, , , ,54.6667383267774,70.8298582151793,9.79179649708092,3/1/2011,21:15:00,256,2011,3,1,60.3955981201161,47.5489574645538,5.18520561579095
514,3/1/2011 21:20:00,0:05:00, , , ,54.6670524980559,70.8298582151793,9.79179649708092,3/1/2011,21:20:00,257,2011,3,1,60.4353590381663,47.6156241312205,4.96653894912428
516,3/1/2011 21:25:00,0:05:00, , , ,54.6673666693343,70.8298582151793,9.79179649708092,3/1/2011,21:25:00,258,2011,3,1,60.4067866228832,43.6822907978871,4.72587228245761
518,3/1/2011 21:30:00,0:05:00, , , ,54.6676808406128,70.8298582151793,9.79179649708092,3/1/2011,21:30:00,259,2011,3,1,60.6912142076,46.0822907978871,5.03887228245761
520,3/1/2011 21:35:00,0:05:00, , , ,54.6679950118912,70.8298582151793,9.79179649708092,3/1/2011,21:35:00,260,2011,3,1,60.6526417923169,42.3489574645538,4.58653894912428
522,3/1/2011 21:40:00,0:05:00, , , ,54.6683091831697,70.8298582151793,9.79179649708092,3/1/2011,21:40:00,261,2011,3,1,61.2507360437004,44.4822907978871,4.66553894912428
524,3/1/2011 21:45:00,0:05:00, , , ,54.6686233544481,70.8298582151793,9.79179649708092,3/1/2011,21:45:00,262,2011,3,1,60.783830295084,40.1822907978871,4.40453894912428
526,3/1/2011 21:50:00,0:05:00, , , ,54.6689375257265,70.8298582151793,9.79179649708092,3/1/2011,21:50:00,263,2011,3,1,60.4729245464675,40.6822907978871,4.49853894912428
528,3/1/2011 21:55:00,0:05:00, , , ,54.669251697005,70.8298582151793,9.79179649708092,3/1/2011,21:55:00,264,2011,3,1,59.2766854645177,39.0156241312205,4.20887228245761
530,3/1/2011 22:00:00,0:05:00, , , ,54.6695658682834,70.8298582151793,9.79179649708092,3/1/2011,22:00:00,265,2011,3,1,60.4101130492346,37.9822907978871,4.20987228245761
532,3/1/2011 22:05:00,0:05:00, , , ,54.6698800395619,70.8298582151793,9.79179649708092,3/1/2011,22:05:00,266,2011,3,1,60.4915406339514,37.1822907978871,4.17687228245761
534,3/1/2011 22:10:00,0:05:00, , , ,54.6701942108403,70.8298582151793,9.79179649708092,3/1/2011,22:10:00,267,2011,3,1,60.457634885335,37.5489574645538,4.11253894912428
536,3/1/2011 22:15:00,0:05:00, , , ,54.6705083821188,70.8298582151793,9.79179649708092,3/1/2011,22:15:00,268,2011,3,1,60.7533958033852,36.8156241312205,4.18820561579094
538,3/1/2011 22:20:00,0:05:00, , , ,54.6708225533972,70.8298582151793,9.79179649708092,3/1/2011,22:20:00,269,2011,3,1,60.479823388102,35.8489574645538,3.86287228245761
540,3/1/2011 22:25:00,0:05:00, , , ,54.6711367246757,70.8298582151793,9.79179649708092,3/1/2011,22:25:00,270,2011,3,1,61.1129176394855,33.8156241312205,3.85387228245761
542,3/1/2011 22:30:00,0:05:00, , , ,54.6714508959541,70.8298582151793,9.79179649708092,3/1/2011,22:30:00,271,2011,3,1,60.9946785575358,35.7822907978871,3.92487228245761
544,3/1/2011 22:35:00,0:05:00, , , ,54.6717650672325,70.8298582151793,9.79179649708092,3/1/2011,22:35:00,272,2011,3,1,60.1647728089193,32.6489574645538,3.70953894912428
546,3/1/2011 22:40:00,0:05:00, , , ,54.672079238511,70.8298582151793,9.79179649708092,3/1/2011,22:40:00,273,2011,3,1,60.5395337269695,34.7822907978871,3.91853894912428
548,3/1/2011 22:45:00,0:05:00, , , ,54.6723934097894,70.8298582151793,9.79179649708092,3/1/2011,22:45:00,274,2011,3,1,60.757627978353,35.3822907978871,3.84453894912428
550,3/1/2011 22:50:00,0:05:00, , , ,54.6727075810679,70.8298582151793,9.79179649708092,3/1/2011,22:50:00,275,2011,3,1,61.1897222297365,34.0156241312205,3.82720561579094
552,3/1/2011 22:55:00,0:05:00, , , ,54.6730217523463,70.8298582151793,9.79179649708092,3/1/2011,22:55:00,276,2011,3,1,60.6668164811201,32.1489574645538,3.65687228245761
554,3/1/2011 23:00:00,0:05:00, , , ,54.6733359236248,70.8298582151793,9.79179649708092,3/1/2011,23:00:00,277,2011,3,1,60.8725773991703,30.3156241312205,3.44687228245761
556,3/1/2011 23:05:00,0:05:00, , , ,54.6736500949032,70.8298582151793,9.79179649708092,3/1/2011,23:05:00,278,2011,3,1,60.1513383172205,30.3156241312205,3.49153894912428
558,3/1/2011 23:10:00,0:05:00, , , ,54.6739642661817,70.8298582151793,9.79179649708092,3/1/2011,23:10:00,279,2011,3,1,61.1157659019374,30.1489574645538,3.43453894912428
560,3/1/2011 23:15:00,0:05:00, , , ,54.6742784374601,70.8298582151793,9.79179649708092,3/1/2011,23:15:00,280,2011,3,1,60.2255268199875,29.1822907978871,3.39120561579094
562,3/1/2011 23:20:00,0:05:00, , , ,54.6745926087385,70.8298582151793,9.79179649708092,3/1/2011,23:20:00,281,2011,3,1,60.4769847779621,31.6489574645538,3.55687228245761
564,3/1/2011 23:25:00,0:05:00, , , ,54.674906780017,70.8298582151793,9.79179649708092,3/1/2011,23:25:00,282,2011,3,1,60.375048656088,29.9822907978871,3.52920561579094
566,3/1/2011 23:30:00,0:05:00, , , ,54.6752209512954,70.8298582151793,9.79179649708092,3/1/2011,23:30:00,283,2011,3,1,61.0951429074715,28.9156241312205,3.32953894912428
568,3/1/2011 23:35:00,0:05:00, , , ,54.6755351225739,70.8298582151793,9.79179649708092,3/1/2011,23:35:00,284,2011,3,1,60.3216681304917,27.3822907978871,3.39920561579094
570,3/1/2011 23:40:00,0:05:00, , , ,54.6758492938523,70.8298582151793,9.79179649708092,3/1/2011,23:40:00,285,2011,3,1,60.5457788958372,28.3489574645538,3.37220561579094
572,3/1/2011 23:45:00,0:05:00, , , ,54.6761634651308,70.8298582151793,9.79179649708092,3/1/2011,23:45:00,286,2011,3,1,60.1903856830592,28.3822907978871,3.38087228245761
574,3/1/2011 23:50:00,0:05:00, , , ,54.6764776364092,70.8298582151793,9.79179649708092,3/1/2011,23:50:00,287,2011,3,1,60.1270304345893,26.8822907978871,3.24320561579094
576,3/1/2011 23:55:00,0:05:00, , , ,54.6767918076877,70.8298582151793,9.79179649708092,3/1/2011,23:55:00,288,2011,3,1,61.1186141643892,26.5156241312205,3.25787228245761
